﻿<?xml version="1.0" encoding="UTF-8" standalone="yes"?>
<CPDEV version="1.0">
  <PROJECT name="Blinking_light">
    <METRIC>
      <COMPANY><![CDATA[]]></COMPANY>
      <MANAGER><![CDATA[]]></MANAGER>
      <VERSION><![CDATA[]]></VERSION>
      <SUBJECT><![CDATA[]]></SUBJECT>
      <CREATED year="2015" month="11" day="10" hour="8" minutes="15" seconds="1" milisec="4" />
    </METRIC>
    <OPTIONS>
      <PV value="0000001B" />
      <II value="00000038" />
      <CPVis used="0" />
      <LC year="2018" month="10" day="30" hour="17" minutes="32" seconds="37" milisec="245" />
      <LCF>
        <ABSOLUTE>C:\Program Files (x86)\CPDev\VM\VM-Univ.xml</ABSOLUTE>
        <APPVARS>$VMsDir\VM-Univ.xml</APPVARS>
        <ENVVARS>%ProgramFiles%\CPDev\VM\VM-Univ.xml</ENVVARS>
      </LCF>
      <CREATOR>1.1.1.23</CREATOR>
      <LASTSAVEDWITH>1.1.4.26</LASTSAVEDWITH>
      <DCP>
        <ABSOLUTE>C:\Users\bartek\OneDrive\Dokumenty\Arduino\libraries\CPDevVM\extras\Blinking_light\blink.dcp</ABSOLUTE>
        <APPVARS>C:\Users\bartek\OneDrive\Dokumenty\Arduino\libraries\CPDevVM\extras\Blinking_light\blink.dcp</APPVARS>
        <ENVVARS>%OneDrive%\Dokumenty\Arduino\libraries\CPDevVM\extras\Blinking_light\blink.dcp</ENVVARS>
      </DCP>
      <XCP>
        <ABSOLUTE>C:\Users\bartek\OneDrive\Dokumenty\Arduino\libraries\CPDevVM\extras\Blinking_light\blink.xcp</ABSOLUTE>
        <APPVARS>C:\Users\bartek\OneDrive\Dokumenty\Arduino\libraries\CPDevVM\extras\Blinking_light\blink.xcp</APPVARS>
        <ENVVARS>%OneDrive%\Dokumenty\Arduino\libraries\CPDevVM\extras\Blinking_light\blink.xcp</ENVVARS>
      </XCP>
      <HCP>
        <ABSOLUTE>C:\Users\bartek\OneDrive\Dokumenty\Arduino\libraries\CPDevVM\extras\Blinking_light\blink.hcp</ABSOLUTE>
        <APPVARS>C:\Users\bartek\OneDrive\Dokumenty\Arduino\libraries\CPDevVM\extras\Blinking_light\blink.hcp</APPVARS>
        <ENVVARS>%OneDrive%\Dokumenty\Arduino\libraries\CPDevVM\extras\Blinking_light\blink.hcp</ENVVARS>
      </HCP>
      <CST>
        <ABSOLUTE>C:\Users\bartek\OneDrive\Dokumenty\Arduino\libraries\CPDevVM\extras\Blinking_light\blink.cst</ABSOLUTE>
        <APPVARS>C:\Users\bartek\OneDrive\Dokumenty\Arduino\libraries\CPDevVM\extras\Blinking_light\blink.cst</APPVARS>
        <ENVVARS>%OneDrive%\Dokumenty\Arduino\libraries\CPDevVM\extras\Blinking_light\blink.cst</ENVVARS>
      </CST>
      <HCPFlags enabled="0" />
      <OverrideDefaultPaths enabled="0" />
    </OPTIONS>
    <LIBRARY>
      <PKG name="IEC_61131" version="131073" filename="C:\Program Files (x86)\CPDev\Biblioteki\IEC 61131-3.lcp">
        <CREATED year="2018" month="5" day="22" hour="17" minutes="51" seconds="18" milisec="473" />
        <APPVARS>$LibDir\IEC 61131-3.lcp</APPVARS>
        <ENVVARS>%ProgramFiles%\CPDev\Biblioteki\IEC 61131-3.lcp</ENVVARS>
        <IMP name="CTD" type="FBLK" />
        <IMP name="CTU" type="FBLK" />
        <IMP name="CTUD" type="FBLK" />
        <IMP name="F_TRIG" type="FBLK" />
        <IMP name="R_TRIG" type="FBLK" />
        <IMP name="RS" type="FBLK" />
        <IMP name="SEMA" type="FBLK" />
        <IMP name="SR" type="FBLK" />
        <IMP name="TOF" type="FBLK" />
        <IMP name="TON" type="FBLK" />
        <IMP name="TP" type="FBLK" />
      </PKG>
      <PKG name="Basic_blocks" version="196864" filename="C:\Program Files (x86)\CPDev\Biblioteki\Basic_blocks.lcp">
        <CREATED year="2018" month="5" day="22" hour="17" minutes="51" seconds="20" milisec="770" />
        <APPVARS>$LibDir\Basic_blocks.lcp</APPVARS>
        <ENVVARS>%ProgramFiles%\CPDev\Biblioteki\Basic_blocks.lcp</ENVVARS>
        <IMP name="RND" type="FUN" />
        <IMP name="AMEM" type="FBLK" />
        <IMP name="ASWI" type="FBLK" />
        <IMP name="BMEM" type="FBLK" />
        <IMP name="BSWI" type="FBLK" />
        <IMP name="COMP" type="FBLK" />
        <IMP name="DEBA" type="FBLK" />
        <IMP name="DELS" type="FBLK" />
        <IMP name="DFF" type="FBLK" />
        <IMP name="DIFR" type="FBLK" />
        <IMP name="DIVI" type="FBLK" />
        <IMP name="FILT" type="FBLK" />
        <IMP name="GENR" type="FBLK" />
        <IMP name="JKFF" type="FBLK" />
        <IMP name="LIMT" type="FBLK" />
        <IMP name="MAT" type="FBLK" />
        <IMP name="MIT" type="FBLK" />
        <IMP name="PDUR" type="FBLK" />
        <IMP name="RAND" type="FBLK" />
        <IMP name="RSFF" type="FBLK" />
        <IMP name="SQR" type="FBLK" />
        <IMP name="SRFF" type="FBLK" />
        <IMP name="TFF" type="FBLK" />
        <IMP name="TOTI" type="FBLK" />
      </PKG>
    </LIBRARY>
    <POU>
      <ITEM lang="FBD" disabled="0" type="PRG" name="Blinking_light" editor="FBDEditor-1" virtualFolder=""><![CDATA[PROGRAM Blinking_light

VAR_EXTERNAL
   ONOFF: BOOL;
   LIGHT: BOOL;
END_VAR

VAR
   out_and1 (*$HIDDENONLINE*) : BOOL;
   ton1: TON;
   out_ton1_Q (*$HIDDENONLINE*) : BOOL;
   ton2: TON;
   out_ton2_Q (*$HIDDENONLINE*) : BOOL;
   tff1: TFF;
   out_tff1_Q (*$HIDDENONLINE*) : BOOL;
END_VAR

ton1(IN:=NOT out_ton2_Q,PT:=T#1s,Q=>out_ton1_Q);
ton2(IN:=out_ton1_Q,PT:=T#2s,Q=>out_ton2_Q);
tff1(T:=TRUE,CLK:=ONOFF,R:=FALSE,Q=>out_tff1_Q);
out_and1 := AND(out_ton1_Q, out_tff1_Q);
LIGHT := out_and1;

END_PROGRAM
]]><EDITOR><![CDATA[<?xml version="1.0" encoding="utf-16"?><project><fileHeader companyName="" creationDateTime="2018-10-30T17:32:54" productName="Blinking_light" productVersion="" contentType="Program" /><contentHeader name="prj"><coordinateInfo><fbd><scaling x="10" y="10" /></fbd><ld><scaling x="10" y="10" /></ld><sfc><scaling x="10" y="10" /></sfc></coordinateInfo></contentHeader><types><dataTypes /><pous><pou name="FBD Diagram" pouType="functionBlock"><interface><localVars><variable name="ONOFF"><type><BOOL /></type></variable><variable name="constant1" constant="true"><type><TIME /></type></variable><variable name="constant2" constant="true"><type><TIME /></type></variable><variable name="constant4" constant="true"><type><BOOL /></type></variable><variable name="constant5" constant="true"><type><BOOL /></type></variable><variable name="LIGHT"><type><BOOL /></type></variable></localVars></interface><body><FBD><inVariable height="20" localId="5" width="50"><position x="30" y="390" /><connectionPointOut><relPosition x="60" y="10" /></connectionPointOut><expression>ONOFF</expression></inVariable><inVariable height="20" localId="2" width="40" constant="true"><position x="30" y="220" /><connectionPointOut><relPosition x="50" y="10" /></connectionPointOut><expression>constant1</expression><value>T#1s</value></inVariable><inVariable height="20" localId="4" width="40" constant="true"><position x="200" y="220" /><connectionPointOut><relPosition x="50" y="10" /></connectionPointOut><expression>constant2</expression><value>T#2s</value></inVariable><inVariable height="20" localId="18" width="50" constant="true"><position x="90" y="370" /><connectionPointOut><relPosition x="60" y="10" /></connectionPointOut><expression>constant4</expression><value>TRUE</value></inVariable><inVariable height="20" localId="19" width="50" constant="true"><position x="90" y="410" /><connectionPointOut><relPosition x="60" y="10" /></connectionPointOut><expression>constant5</expression><value>FALSE</value></inVariable><block height="100" instanceName="ton1" localId="0" execNumber="1" typeName="TON" width="60"><position x="110" y="160" /><inputVariables><variable formalParameter="IN" negated="true"><connectionPointIn><relPosition x="-10" y="50" /><connection formalParameter="Q" refLocalId="3"><position x="100" y="210" /><position x="90" y="210" /><position x="90" y="280" /><position x="360" y="280" /><position x="360" y="210" /><position x="350" y="210" /></connection></connectionPointIn></variable><variable formalParameter="PT"><connectionPointIn><relPosition x="-10" y="70" /><connection formalParameter="" refLocalId="2"><position x="100" y="230" /><position x="80" y="230" /></connection></connectionPointIn></variable></inputVariables><inOutVariables /><outputVariables><variable formalParameter="Q"><connectionPointOut><relPosition x="70" y="50" /></connectionPointOut></variable><variable formalParameter="ET"><connectionPointOut><relPosition x="70" y="70" /></connectionPointOut></variable></outputVariables></block><block height="100" instanceName="ton2" localId="3" execNumber="2" typeName="TON" width="60"><position x="280" y="160" /><inputVariables><variable formalParameter="IN"><connectionPointIn><relPosition x="-10" y="50" /><connection formalParameter="Q" refLocalId="0"><position x="270" y="210" /><position x="250" y="210" branchPoint="Output" branchPointLocation="230;200" branchPointDirection="Right" /><position x="230" y="210" branchPoint="Input" branchPointLocation="230;200" branchPointDirection="Left" /><position x="180" y="210" /></connection></connectionPointIn></variable><variable formalParameter="PT"><connectionPointIn><relPosition x="-10" y="70" /><connection formalParameter="" refLocalId="4"><position x="270" y="230" /><position x="250" y="230" /></connection></connectionPointIn></variable></inputVariables><inOutVariables /><outputVariables><variable formalParameter="Q"><connectionPointOut><relPosition x="70" y="50" /></connectionPointOut></variable><variable formalParameter="ET"><connectionPointOut><relPosition x="70" y="70" /></connectionPointOut></variable></outputVariables></block><block height="120" instanceName="tff1" localId="17" execNumber="3" typeName="TFF" width="80"><position x="210" y="330" /><inputVariables><variable formalParameter="T"><connectionPointIn><relPosition x="-10" y="50" /><connection formalParameter="" refLocalId="18"><position x="200" y="380" /><position x="150" y="380" /></connection></connectionPointIn></variable><variable formalParameter="CLK"><connectionPointIn><relPosition x="-10" y="70" /><connection formalParameter="" refLocalId="5"><position x="200" y="400" /><position x="90" y="400" /></connection></connectionPointIn></variable><variable formalParameter="R"><connectionPointIn><relPosition x="-10" y="90" /><connection formalParameter="" refLocalId="19"><position x="200" y="420" /><position x="150" y="420" /></connection></connectionPointIn></variable></inputVariables><inOutVariables /><outputVariables><variable formalParameter="Q"><connectionPointOut><relPosition x="90" y="50" /></connectionPointOut></variable><variable formalParameter="NQ"><connectionPointOut><relPosition x="90" y="70" /></connectionPointOut></variable></outputVariables></block><block height="40" instanceName="and1" localId="6" execNumber="4" typeName="08*0" width="40"><position x="490" y="120" /><inputVariables><variable formalParameter="arg0* (1)"><connectionPointIn><relPosition x="-10" y="10" /><connection formalParameter="Q" refLocalId="0"><position x="480" y="130" /><position x="240" y="130" /><position x="240" y="200" branchPoint="Output" branchPointLocation="230;200" branchPointDirection="Up" /><position x="230" y="210" branchPoint="Input" branchPointLocation="230;200" branchPointDirection="Left" /><position x="180" y="210" /></connection></connectionPointIn></variable><variable formalParameter="arg0* (2)"><connectionPointIn><relPosition x="-10" y="30" /><connection formalParameter="Q" refLocalId="17"><position x="480" y="150" /><position x="470" y="150" /><position x="470" y="380" /><position x="300" y="380" /></connection></connectionPointIn></variable></inputVariables><inOutVariables /><outputVariables><variable formalParameter="Return"><connectionPointOut><relPosition x="50" y="10" /></connectionPointOut></variable></outputVariables></block><outVariable height="20" localId="7" width="50"><position x="630" y="120" /><connectionPointIn><relPosition x="-10" y="10" /><connection formalParameter="Return" refLocalId="6"><position x="620" y="130" /><position x="540" y="130" /></connection></connectionPointIn><expression>LIGHT</expression></outVariable></FBD></body></pou></pous></types><instances><configurations /></instances><globalVariables><globalVariable name="ONOFF" type="BOOL" /><globalVariable name="LIGHT" type="BOOL" /><globalVariable name="COUNT" type="INT" /></globalVariables><comments><comment localId="15" width="60" height="20"><position x="160" y="130" /><expression>Oscillator</expression></comment><comment localId="16" width="110" height="20"><position x="260" y="70" /><expression>BLINKING LIGHT</expression></comment></comments><breakpoints /><conditions /><safestatevalues /></project>]]></EDITOR></ITEM>
    </POU>
    <GLOBAL>
      <ITEM type="VAR" name="ONOFF" flags="00004000" disabled="0" virtualFolder=""><![CDATA[VAR_GLOBAL 
 ONOFF : BOOL := TRUE;
END_VAR]]></ITEM>
      <ITEM type="VAR" name="LIGHT" flags="00004000" disabled="0" virtualFolder=""><![CDATA[VAR_GLOBAL 
 LIGHT  : BOOL;
END_VAR]]></ITEM>
      <ITEM type="VAR" name="COUNT" flags="00004000" disabled="0" virtualFolder=""><![CDATA[VAR_GLOBAL 
 COUNT  : INT;
END_VAR]]></ITEM>
    </GLOBAL>
    <TASK>
      <ITEM type="TSK" name="TASK_LD" loop_kind="0" interval="50"><![CDATA[Blinking_light
]]></ITEM>
    </TASK>
  </PROJECT>
</CPDEV>